Ativo,Grupo,Ano,Regime,BuyHold_%,Retorno_Base_%,DD_Base_%,Retorno_Cond_%,DD_Cond_%
1MBABYDOGEUSDT,nova,2024,BULL,255.64,73.66,26.01,24.0,21.73
1MBABYDOGEUSDT,nova,2025,BEAR,-58.39,-13.63,29.58,-11.11,24.44
API3USDT,nova,2022,BEAR,-75.73,-15.14,27.02,-15.14,27.02
API3USDT,nova,2023,BULL,96.65,-29.67,60.06,-37.84,60.41
API3USDT,nova,2024,LATERAL,-20.38,105.5,50.17,97.28,50.35
API3USDT,nova,2025,BEAR,-57.92,-11.39,43.56,-19.86,45.63
BNBUSDT,veterana,2018,BEAR,-56.75,-12.58,15.65,-12.58,15.65
BNBUSDT,veterana,2019,BULL,124.34,-4.07,15.98,-17.62,27.85
BNBUSDT,veterana,2020,BULL,172.38,63.03,33.17,59.07,36.46
BNBUSDT,veterana,2021,BULL,1268.86,39.78,29.09,49.29,23.82
BNBUSDT,veterana,2022,BEAR,-51.85,-14.06,30.2,-14.06,30.2
BNBUSDT,veterana,2023,BULL,26.59,54.43,14.26,47.04,13.55
BNBUSDT,veterana,2024,BULL,125.17,54.94,34.18,68.07,30.84
BNBUSDT,veterana,2025,LATERAL,7.8,8.12,12.36,-1.11,21.06
BONKUSDT,nova,2023,BEAR,-31.71,0.0,0.0,0.0,0.0
BONKUSDT,nova,2024,BULL,129.41,9.91,57.26,209.97,41.23
BONKUSDT,nova,2025,LATERAL,-13.66,165.06,19.73,117.21,26.77
BTCUSDT,veterana,2018,BEAR,-50.8,-19.97,23.0,-19.97,23.0
BTCUSDT,veterana,2019,BULL,94.4,88.54,43.46,91.74,43.55
BTCUSDT,veterana,2020,BULL,301.98,357.87,19.64,275.11,19.01
BTCUSDT,veterana,2021,BULL,59.79,19.79,50.07,44.06,43.06
BTCUSDT,veterana,2022,BEAR,-64.21,-44.29,48.99,-44.29,48.99
BTCUSDT,veterana,2023,BULL,155.62,93.08,21.77,63.28,21.77
BTCUSDT,veterana,2024,BULL,121.31,40.39,37.53,31.82,32.05
BTCUSDT,veterana,2025,LATERAL,22.27,10.35,15.18,3.49,21.82
DOGEUSDT,veterana,2019,BEAR,-55.16,-7.59,13.85,-21.77,21.77
DOGEUSDT,veterana,2020,BULL,131.97,174.95,38.38,126.46,37.0
DOGEUSDT,veterana,2021,BULL,3545.43,2065.33,57.72,1661.01,62.89
DOGEUSDT,veterana,2022,BEAR,-58.75,-51.53,60.08,-51.53,60.08
DOGEUSDT,veterana,2023,BULL,27.49,52.52,23.97,46.61,23.97
DOGEUSDT,veterana,2024,BULL,252.84,49.25,45.22,34.43,50.62
DOGEUSDT,veterana,2025,BEAR,-36.4,-10.74,31.08,-13.07,32.27
ETHUSDT,veterana,2018,BEAR,-67.99,-12.65,28.44,-12.65,28.44
ETHUSDT,veterana,2019,LATERAL,-1.74,26.89,32.86,0.93,46.59
ETHUSDT,veterana,2020,BULL,470.16,269.05,35.3,290.02,29.4
ETHUSDT,veterana,2021,BULL,399.2,20.3,34.71,68.7,44.41
ETHUSDT,veterana,2022,BEAR,-67.46,-3.93,38.75,-3.93,38.75
ETHUSDT,veterana,2023,BULL,90.77,40.28,26.74,37.55,28.17
ETHUSDT,veterana,2024,BULL,46.27,36.7,34.43,35.29,32.71
ETHUSDT,veterana,2025,LATERAL,4.51,65.73,15.06,50.0,12.36
FETUSDT,nova,2019,BEAR,-88.76,-56.03,58.25,-46.9,58.25
FETUSDT,nova,2020,BULL,38.38,369.3,43.43,316.18,47.04
FETUSDT,nova,2021,BULL,873.84,126.4,70.24,196.07,44.99
FETUSDT,nova,2022,BEAR,-81.74,-29.12,51.94,-33.48,54.89
FETUSDT,nova,2023,BULL,634.17,222.09,53.27,277.09,52.77
FETUSDT,nova,2024,BULL,89.12,91.31,40.36,70.63,40.33
FETUSDT,nova,2025,BEAR,-49.21,-35.49,47.07,-37.62,49.2
FLOKIUSDT,nova,2023,LATERAL,8.24,44.27,26.74,7.33,27.16
FLOKIUSDT,nova,2024,BULL,406.9,702.9,34.94,914.31,34.94
FLOKIUSDT,nova,2025,BEAR,-38.34,83.0,26.03,83.85,20.3
HBARUSDT,nova,2019,BEAR,-67.0,0.63,1.02,-13.93,15.22
HBARUSDT,nova,2020,BULL,211.55,120.9,62.47,221.9,45.48
HBARUSDT,nova,2021,BULL,812.35,27.49,72.23,29.83,63.69
HBARUSDT,nova,2022,BEAR,-87.42,-43.46,44.18,-43.46,44.18
HBARUSDT,nova,2023,BULL,135.34,39.91,37.16,32.83,34.79
HBARUSDT,nova,2024,BULL,212.79,-11.16,42.75,2.15,31.52
HBARUSDT,nova,2025,LATERAL,-10.36,-39.2,40.94,-34.82,36.68
IMXUSDT,nova,2022,BEAR,-89.76,-59.22,68.56,-59.22,68.56
IMXUSDT,nova,2023,BULL,455.08,72.24,61.47,129.85,58.31
IMXUSDT,nova,2024,BEAR,-37.79,-26.07,45.61,-46.14,50.61
IMXUSDT,nova,2025,BEAR,-62.34,-26.94,38.06,-22.11,36.64
INJUSDT,nova,2020,BULL,912.05,0.0,0.0,0.0,0.0
INJUSDT,nova,2021,BULL,103.33,78.05,55.4,55.26,57.4
INJUSDT,nova,2022,BEAR,-84.52,-38.88,60.15,-38.88,60.15
INJUSDT,nova,2023,BULL,2704.31,239.48,54.02,211.92,51.04
INJUSDT,nova,2024,BEAR,-45.13,-48.1,60.52,-31.35,40.59
INJUSDT,nova,2025,BEAR,-36.03,-16.06,32.24,-19.48,32.47
LINKUSDT,veterana,2019,BULL,230.03,269.69,50.03,212.69,51.35
LINKUSDT,veterana,2020,BULL,535.61,907.19,31.53,625.03,28.69
LINKUSDT,veterana,2021,BULL,73.63,43.12,53.5,38.05,50.57
LINKUSDT,veterana,2022,BEAR,-71.44,-53.9,59.93,-53.9,59.93
LINKUSDT,veterana,2023,BULL,168.0,118.41,24.35,81.53,24.35
LINKUSDT,veterana,2024,BULL,33.92,-7.43,45.4,-14.86,46.45
LINKUSDT,veterana,2025,LATERAL,-18.63,-25.22,34.41,-34.61,42.93
PENGUUSDT,nova,2024,BULL,887.44,0.0,0.0,0.0,0.0
PENGUUSDT,nova,2025,LATERAL,0.85,-1.56,44.18,19.17,40.75
PEPEUSDT,nova,2023,BEAR,-34.01,106.41,28.02,103.95,27.15
PEPEUSDT,nova,2024,BULL,1435.38,702.48,58.64,397.78,55.4
PEPEUSDT,nova,2025,BEAR,-46.49,16.59,40.51,-14.86,35.27
RENDERUSDT,nova,2024,LATERAL,-3.39,51.06,18.99,29.25,22.15
RENDERUSDT,nova,2025,BEAR,-47.1,7.46,28.95,-17.48,39.08
SOLUSDT,veterana,2020,BEAR,-47.11,-12.42,26.47,-9.64,26.35
SOLUSDT,veterana,2021,BULL,11166.57,5446.63,47.3,6410.06,40.11
SOLUSDT,veterana,2022,BEAR,-94.14,-59.09,70.01,-59.09,70.01
SOLUSDT,veterana,2023,BULL,920.26,604.07,33.84,352.03,33.84
SOLUSDT,veterana,2024,BULL,86.11,-10.14,35.14,7.12,36.33
SOLUSDT,veterana,2025,LATERAL,-14.05,-3.7,33.63,-21.88,41.82
SUIUSDT,nova,2023,BULL,675.2,10.96,20.79,18.52,18.5
SUIUSDT,nova,2024,BULL,431.73,8.15,39.4,18.21,36.2
SUIUSDT,nova,2025,LATERAL,-14.22,11.18,31.09,17.4,32.43
TAOUSDT,nova,2024,LATERAL,0.27,44.33,25.63,82.29,20.94
TAOUSDT,nova,2025,LATERAL,-20.63,29.93,23.21,-3.7,40.93
TRXUSDT,veterana,2018,BEAR,-40.3,-1.3,23.93,-1.3,23.93
TRXUSDT,veterana,2019,BEAR,-28.76,-14.35,45.86,-25.03,52.09
TRXUSDT,veterana,2020,BULL,101.28,168.4,37.73,169.1,37.73
TRXUSDT,veterana,2021,BULL,181.62,146.96,48.08,175.56,49.64
TRXUSDT,veterana,2022,BEAR,-27.68,-30.49,43.34,-30.49,43.34
TRXUSDT,veterana,2023,BULL,97.5,44.05,22.33,41.64,21.6
TRXUSDT,veterana,2024,BULL,136.71,121.34,43.86,110.7,43.86
TRXUSDT,veterana,2025,BULL,26.97,-27.87,41.04,-12.31,24.4
XRPUSDT,veterana,2018,LATERAL,-19.0,2.65,46.36,2.65,46.36
XRPUSDT,veterana,2019,BEAR,-44.66,-7.52,36.18,-15.96,39.87
XRPUSDT,veterana,2020,LATERAL,13.87,143.07,33.14,124.24,39.99
XRPUSDT,veterana,2021,BULL,277.94,244.56,55.87,160.67,56.76
XRPUSDT,veterana,2022,BEAR,-59.16,-21.2,40.25,-21.2,40.25
XRPUSDT,veterana,2023,BULL,81.65,14.62,29.04,30.53,24.16
XRPUSDT,veterana,2024,BULL,238.52,121.77,51.18,91.17,37.25
XRPUSDT,veterana,2025,BULL,42.12,-24.24,61.59,-25.38,55.65
ZECUSDT,nova,2019,BEAR,-52.92,22.52,17.28,15.67,21.14
ZECUSDT,nova,2020,BULL,132.23,51.74,31.85,76.25,30.93
ZECUSDT,nova,2021,BULL,129.05,142.19,51.09,134.89,36.08
ZECUSDT,nova,2022,BEAR,-74.54,-28.31,44.91,-28.31,44.91
ZECUSDT,nova,2023,BEAR,-27.83,-41.13,44.87,-37.29,41.88
ZECUSDT,nova,2024,BULL,109.03,-36.9,62.99,-44.67,58.34
ZECUSDT,nova,2025,BEAR,-35.26,-10.02,30.56,-2.51,33.24
