Ativo,Grupo,Interval,Ano,Periodo,Regime,Retorno_Base_%,Retorno_ScaleOut_%,BuyHold_%,DD_Base_%,DD_ScaleOut_%,Trades_Base,Trades_ScaleOut
1MBABYDOGEUSDT,nova,4h,2024,2024-09-16 a 2024-12-31,BULL,73.66,24.0,255.64,26.01,21.73,3,2
1MBABYDOGEUSDT,nova,4h,2025,2025-01-01 a 2025-08-01,BEAR,-13.63,-11.11,-58.28,29.58,24.44,9,6
API3USDT,nova,12h,2022,2022-01-21 a 2022-12-31,BEAR,-15.14,-4.43,-75.73,27.02,16.65,2,1
API3USDT,nova,12h,2023,2023-01-01 a 2023-12-31,BULL,-29.67,-37.25,96.65,60.06,60.03,8,5
API3USDT,nova,12h,2024,2024-01-01 a 2024-12-31,LATERAL,105.5,97.28,-20.38,50.17,50.35,5,3
API3USDT,nova,12h,2025,2025-01-01 a 2025-08-01,BEAR,-11.39,-28.57,-57.92,43.56,51.54,3,2
BNBUSDT,veterana,12h,2018,2018-08-03 a 2018-12-31,BEAR,-12.58,-6.55,-56.75,15.65,12.32,2,1
BNBUSDT,veterana,12h,2019,2019-01-01 a 2019-12-31,BULL,-4.07,-17.62,124.34,15.98,27.85,1,1
BNBUSDT,veterana,12h,2020,2020-01-01 a 2020-12-31,BULL,63.03,59.07,172.38,33.17,36.46,5,3
BNBUSDT,veterana,12h,2021,2021-01-01 a 2021-12-31,BULL,39.78,49.29,1268.86,29.09,23.82,4,3
BNBUSDT,veterana,12h,2022,2022-01-01 a 2022-12-31,BEAR,-14.06,-15.05,-51.85,30.2,29.29,7,4
BNBUSDT,veterana,12h,2023,2023-01-01 a 2023-12-31,BULL,54.43,49.97,26.59,14.26,14.5,6,3
BNBUSDT,veterana,12h,2024,2024-01-01 a 2024-12-31,BULL,54.94,68.07,125.17,34.18,30.84,7,5
BNBUSDT,veterana,12h,2025,2025-01-01 a 2025-08-01,LATERAL,8.12,-1.11,7.8,12.36,21.06,5,3
BONKUSDT,nova,4h,2023,2023-12-15 a 2023-12-31,BEAR,0.0,0.0,-31.71,0.0,0.0,0,0
BONKUSDT,nova,4h,2024,2024-01-01 a 2024-12-31,BULL,9.91,209.97,129.41,57.26,41.23,13,8
BONKUSDT,nova,4h,2025,2025-01-01 a 2025-08-01,LATERAL,165.06,117.21,-11.28,19.73,26.77,8,6
BTCUSDT,veterana,6h,2018,2018-08-03 a 2018-12-31,BEAR,-19.97,-17.61,-50.8,23.0,20.72,6,4
BTCUSDT,veterana,6h,2019,2019-01-01 a 2019-12-31,BULL,88.54,79.06,94.4,43.46,38.04,8,5
BTCUSDT,veterana,6h,2020,2020-01-01 a 2020-12-31,BULL,357.87,286.04,301.98,19.64,17.43,13,9
BTCUSDT,veterana,6h,2021,2021-01-01 a 2021-12-31,BULL,19.79,44.06,59.79,50.07,43.06,12,7
BTCUSDT,veterana,6h,2022,2022-01-01 a 2022-12-31,BEAR,-44.29,-35.55,-64.21,48.99,41.06,14,7
BTCUSDT,veterana,6h,2023,2023-01-01 a 2023-12-31,BULL,93.08,83.33,155.62,21.77,19.84,14,8
BTCUSDT,veterana,6h,2024,2024-01-01 a 2024-12-31,BULL,40.39,31.82,121.31,37.53,32.05,14,9
BTCUSDT,veterana,6h,2025,2025-01-01 a 2025-08-01,LATERAL,10.35,3.49,22.27,15.18,21.82,7,5
DOGEUSDT,veterana,8h,2019,2019-07-05 a 2019-12-31,BEAR,-7.59,-21.77,-55.16,13.85,21.77,2,2
DOGEUSDT,veterana,8h,2020,2020-01-01 a 2020-12-31,BULL,174.95,126.46,131.97,38.38,37.0,5,3
DOGEUSDT,veterana,8h,2021,2021-01-01 a 2021-12-31,BULL,2065.33,1661.01,3545.43,57.72,62.89,8,4
DOGEUSDT,veterana,8h,2022,2022-01-01 a 2022-12-31,BEAR,-51.53,-42.92,-58.75,60.08,58.8,13,8
DOGEUSDT,veterana,8h,2023,2023-01-01 a 2023-12-31,BULL,52.52,30.09,27.49,23.97,30.54,7,4
DOGEUSDT,veterana,8h,2024,2024-01-01 a 2024-12-31,BULL,49.25,34.43,252.84,45.22,50.62,7,5
DOGEUSDT,veterana,8h,2025,2025-01-01 a 2025-08-01,BEAR,-6.89,-21.02,-33.66,31.08,34.66,4,2
ETHUSDT,veterana,8h,2018,2018-08-03 a 2018-12-31,BEAR,-12.65,-14.46,-67.99,28.44,29.92,4,3
ETHUSDT,veterana,8h,2019,2019-01-01 a 2019-12-31,LATERAL,26.89,20.75,-1.74,32.86,44.65,8,6
ETHUSDT,veterana,8h,2020,2020-01-01 a 2020-12-31,BULL,269.05,416.48,470.16,35.3,29.4,5,3
ETHUSDT,veterana,8h,2021,2021-01-01 a 2021-12-31,BULL,20.3,68.7,399.2,34.71,44.41,5,4
ETHUSDT,veterana,8h,2022,2022-01-01 a 2022-12-31,BEAR,-3.93,-7.81,-67.46,38.75,34.47,7,4
ETHUSDT,veterana,8h,2023,2023-01-01 a 2023-12-31,BULL,40.28,36.94,90.77,26.74,32.06,9,7
ETHUSDT,veterana,8h,2024,2024-01-01 a 2024-12-31,BULL,36.7,35.29,46.27,34.43,32.71,8,5
ETHUSDT,veterana,8h,2025,2025-01-01 a 2025-08-01,LATERAL,71.81,53.2,8.34,15.06,12.36,4,2
FETUSDT,nova,4h,2019,2019-02-28 a 2019-12-31,BEAR,-56.03,-40.43,-88.76,58.25,52.88,14,9
FETUSDT,nova,4h,2020,2020-01-01 a 2020-12-31,BULL,369.3,286.35,38.38,43.43,42.29,19,12
FETUSDT,nova,4h,2021,2021-01-01 a 2021-12-31,BULL,126.4,196.07,873.84,70.24,44.99,25,14
FETUSDT,nova,4h,2022,2022-01-01 a 2022-12-31,BEAR,-29.12,-18.06,-81.74,51.94,42.62,23,14
FETUSDT,nova,4h,2023,2023-01-01 a 2023-12-31,BULL,222.09,382.58,634.17,53.27,46.46,26,15
FETUSDT,nova,4h,2024,2024-01-01 a 2024-12-31,BULL,91.31,70.63,89.12,40.36,40.33,18,13
FETUSDT,nova,4h,2025,2025-01-01 a 2025-08-01,BEAR,-35.49,-37.62,-48.27,47.07,49.2,16,11
FLOKIUSDT,nova,4h,2023,2023-05-05 a 2023-12-31,LATERAL,44.27,4.6,8.24,26.74,27.16,13,9
FLOKIUSDT,nova,4h,2024,2024-01-01 a 2024-12-31,BULL,702.9,914.31,406.9,34.94,34.94,23,14
FLOKIUSDT,nova,4h,2025,2025-01-01 a 2025-08-01,BEAR,83.0,83.85,-38.37,26.03,20.3,9,5
HBARUSDT,nova,8h,2019,2019-09-29 a 2019-12-31,BEAR,0.63,-13.93,-67.0,1.02,15.22,1,1
HBARUSDT,nova,8h,2020,2020-01-01 a 2020-12-31,BULL,120.9,171.18,211.55,62.47,53.93,14,9
HBARUSDT,nova,8h,2021,2021-01-01 a 2021-12-31,BULL,27.49,29.83,812.35,72.23,63.69,12,7
HBARUSDT,nova,8h,2022,2022-01-01 a 2022-12-31,BEAR,-43.46,-47.04,-87.42,44.18,47.71,6,5
HBARUSDT,nova,8h,2023,2023-01-01 a 2023-12-31,BULL,39.91,19.81,135.34,37.16,31.27,14,8
HBARUSDT,nova,8h,2024,2024-01-01 a 2024-12-31,BULL,-11.16,2.15,212.79,42.75,31.52,8,4
HBARUSDT,nova,8h,2025,2025-01-01 a 2025-08-01,LATERAL,-39.2,-33.29,-6.1,40.94,35.77,6,3
IMXUSDT,nova,6h,2022,2022-01-10 a 2022-12-31,BEAR,-59.22,-64.83,-89.76,68.56,73.05,13,8
IMXUSDT,nova,6h,2023,2023-01-01 a 2023-12-31,BULL,72.24,125.62,455.08,61.47,59.08,14,9
IMXUSDT,nova,6h,2024,2024-01-01 a 2024-12-31,BEAR,-26.07,-46.14,-37.79,45.61,50.61,9,7
IMXUSDT,nova,6h,2025,2025-01-01 a 2025-08-01,BEAR,-26.94,-22.11,-62.34,38.06,36.64,6,4
INJUSDT,nova,12h,2020,2020-10-21 a 2020-12-31,BULL,0.0,0.0,912.05,0.0,0.0,0,0
INJUSDT,nova,12h,2021,2021-01-01 a 2021-12-31,BULL,78.05,55.26,103.33,55.4,57.4,5,4
INJUSDT,nova,12h,2022,2022-01-01 a 2022-12-31,BEAR,-38.88,-6.44,-84.52,60.15,44.52,6,3
INJUSDT,nova,12h,2023,2023-01-01 a 2023-12-31,BULL,239.48,149.46,2704.31,54.02,45.64,10,6
INJUSDT,nova,12h,2024,2024-01-01 a 2024-12-31,BEAR,-48.1,-31.35,-45.13,60.52,40.59,8,4
INJUSDT,nova,12h,2025,2025-01-01 a 2025-08-01,BEAR,-16.06,-19.48,-36.03,32.24,32.47,3,2
LINKUSDT,veterana,6h,2019,2019-01-16 a 2019-12-31,BULL,269.69,225.52,230.03,50.03,55.28,13,8
LINKUSDT,veterana,6h,2020,2020-01-01 a 2020-12-31,BULL,907.19,766.92,535.61,31.53,42.31,8,6
LINKUSDT,veterana,6h,2021,2021-01-01 a 2021-12-31,BULL,43.12,38.05,73.63,53.5,50.57,13,7
LINKUSDT,veterana,6h,2022,2022-01-01 a 2022-12-31,BEAR,-53.9,-49.4,-71.44,59.93,56.71,15,9
LINKUSDT,veterana,6h,2023,2023-01-01 a 2023-12-31,BULL,118.41,79.87,168.0,24.35,24.69,14,9
LINKUSDT,veterana,6h,2024,2024-01-01 a 2024-12-31,BULL,-7.43,-14.86,33.92,45.4,46.45,17,11
LINKUSDT,veterana,6h,2025,2025-01-01 a 2025-08-01,LATERAL,-25.22,-34.61,-18.63,34.41,42.93,7,5
PENGUUSDT,nova,4h,2024,2024-12-17 a 2024-12-31,BULL,0.0,0.0,887.44,0.0,0.0,0,0
PENGUUSDT,nova,4h,2025,2025-01-01 a 2025-08-01,LATERAL,-1.56,19.17,2.39,44.18,40.75,11,7
PEPEUSDT,nova,4h,2023,2023-05-05 a 2023-12-31,BEAR,106.41,103.95,-34.01,28.02,27.15,9,6
PEPEUSDT,nova,4h,2024,2024-01-01 a 2024-12-31,BULL,702.48,397.78,1435.38,58.64,55.4,25,15
PEPEUSDT,nova,4h,2025,2025-01-01 a 2025-08-01,BEAR,16.59,-14.86,-46.64,40.51,35.27,11,8
RENDERUSDT,nova,4h,2024,2024-07-26 a 2024-12-31,LATERAL,51.06,29.25,-3.39,18.99,22.15,8,5
RENDERUSDT,nova,4h,2025,2025-01-01 a 2025-08-01,BEAR,7.46,-17.48,-46.85,28.95,39.08,11,8
SOLUSDT,veterana,8h,2020,2020-08-11 a 2020-12-31,BEAR,-12.42,-9.64,-47.11,26.47,26.35,1,1
SOLUSDT,veterana,8h,2021,2021-01-01 a 2021-12-31,BULL,5446.63,6410.06,11166.57,47.3,40.11,9,5
SOLUSDT,veterana,8h,2022,2022-01-01 a 2022-12-31,BEAR,-59.09,-56.37,-94.14,70.01,61.67,12,7
SOLUSDT,veterana,8h,2023,2023-01-01 a 2023-12-31,BULL,604.07,349.96,920.26,33.84,30.62,9,6
SOLUSDT,veterana,8h,2024,2024-01-01 a 2024-12-31,BULL,-10.14,7.12,86.11,35.14,36.33,7,5
SOLUSDT,veterana,8h,2025,2025-01-01 a 2025-08-01,LATERAL,-0.23,-25.48,-10.96,33.63,45.53,6,4
SUIUSDT,nova,6h,2023,2023-05-03 a 2023-12-31,BULL,10.96,18.52,675.2,20.79,18.5,6,4
SUIUSDT,nova,6h,2024,2024-01-01 a 2024-12-31,BULL,8.15,18.21,431.73,39.4,36.2,19,10
SUIUSDT,nova,6h,2025,2025-01-01 a 2025-08-01,LATERAL,11.18,17.4,-14.22,31.09,32.43,9,5
TAOUSDT,nova,4h,2024,2024-04-11 a 2024-12-31,LATERAL,44.33,82.29,0.27,25.63,20.94,11,7
TAOUSDT,nova,4h,2025,2025-01-01 a 2025-08-01,LATERAL,29.93,-3.7,-20.02,23.21,40.93,13,9
TRXUSDT,veterana,8h,2018,2018-08-03 a 2018-12-31,BEAR,-1.3,-5.52,-40.3,23.93,22.81,3,2
TRXUSDT,veterana,8h,2019,2019-01-01 a 2019-12-31,BEAR,-14.35,-21.33,-28.76,45.86,48.66,7,4
TRXUSDT,veterana,8h,2020,2020-01-01 a 2020-12-31,BULL,168.4,158.16,101.28,37.73,39.8,5,5
TRXUSDT,veterana,8h,2021,2021-01-01 a 2021-12-31,BULL,146.96,175.56,181.62,48.08,49.64,11,8
TRXUSDT,veterana,8h,2022,2022-01-01 a 2022-12-31,BEAR,-30.49,-30.57,-27.68,43.34,40.76,11,8
TRXUSDT,veterana,8h,2023,2023-01-01 a 2023-12-31,BULL,44.05,44.2,97.5,22.33,20.66,13,7
TRXUSDT,veterana,8h,2024,2024-01-01 a 2024-12-31,BULL,121.34,110.7,136.71,43.86,43.86,7,3
TRXUSDT,veterana,8h,2025,2025-01-01 a 2025-08-01,BULL,-27.08,-3.74,28.35,41.04,21.85,10,5
XRPUSDT,veterana,8h,2018,2018-08-03 a 2018-12-31,LATERAL,2.65,3.51,-19.0,46.36,45.91,3,3
XRPUSDT,veterana,8h,2019,2019-01-01 a 2019-12-31,BEAR,-7.52,-6.17,-44.66,36.18,36.98,8,5
XRPUSDT,veterana,8h,2020,2020-01-01 a 2020-12-31,LATERAL,143.07,157.32,13.87,33.14,35.76,10,7
XRPUSDT,veterana,8h,2021,2021-01-01 a 2021-12-31,BULL,244.56,160.67,277.94,55.87,56.76,6,3
XRPUSDT,veterana,8h,2022,2022-01-01 a 2022-12-31,BEAR,-21.2,-15.18,-59.16,40.25,37.98,10,5
XRPUSDT,veterana,8h,2023,2023-01-01 a 2023-12-31,BULL,14.62,15.89,81.65,29.04,34.87,13,6
XRPUSDT,veterana,8h,2024,2024-01-01 a 2024-12-31,BULL,121.77,91.17,238.52,51.18,37.25,12,8
XRPUSDT,veterana,8h,2025,2025-01-01 a 2025-08-01,BULL,-22.13,-24.22,46.07,61.59,55.65,8,4
ZECUSDT,nova,4h,2019,2019-03-21 a 2019-12-31,BEAR,22.52,22.02,-52.92,17.28,19.42,11,7
ZECUSDT,nova,4h,2020,2020-01-01 a 2020-12-31,BULL,51.74,67.85,132.23,31.85,37.3,28,17
ZECUSDT,nova,4h,2021,2021-01-01 a 2021-12-31,BULL,142.19,134.89,129.05,51.09,36.08,16,11
ZECUSDT,nova,4h,2022,2022-01-01 a 2022-12-31,BEAR,-28.31,-43.55,-74.54,44.91,49.89,16,12
ZECUSDT,nova,4h,2023,2023-01-01 a 2023-12-31,BEAR,-41.13,-30.6,-27.83,44.87,35.67,18,12
ZECUSDT,nova,4h,2024,2024-01-01 a 2024-12-31,BULL,-36.9,-44.67,109.03,62.99,58.34,26,16
ZECUSDT,nova,4h,2025,2025-01-01 a 2025-08-01,BEAR,-10.02,-1.98,-34.91,30.56,32.87,11,7
