Ativo,Grupo,Ano,Regime,BuyHold_%,Retorno_Base_%,DD_Base_%,Trades_Base,Retorno_VolFiltro_%,DD_VolFiltro_%,Trades_VolFiltro
1MBABYDOGEUSDT,nova,2024,BULL,255.64,73.66,26.01,3,-13.91,16.53,2
1MBABYDOGEUSDT,nova,2025,BEAR,-58.39,-13.63,29.58,9,9.92,21.1,5
API3USDT,nova,2022,BEAR,-75.73,-15.14,27.02,2,0.0,0.0,0
API3USDT,nova,2023,BULL,96.65,-29.67,60.06,8,-25.74,57.83,6
API3USDT,nova,2024,LATERAL,-20.38,105.5,50.17,5,-9.29,39.49,4
API3USDT,nova,2025,BEAR,-57.92,-11.39,43.56,3,-11.39,43.56,3
BNBUSDT,veterana,2018,BEAR,-56.75,-12.58,15.65,2,-12.58,15.65,2
BNBUSDT,veterana,2019,BULL,124.34,-4.07,15.98,1,-4.07,15.98,1
BNBUSDT,veterana,2020,BULL,172.38,63.03,33.17,5,65.7,30.83,3
BNBUSDT,veterana,2021,BULL,1268.86,39.78,29.09,4,20.59,19.76,1
BNBUSDT,veterana,2022,BEAR,-51.85,-14.06,30.2,7,8.99,24.89,2
BNBUSDT,veterana,2023,BULL,26.59,54.43,14.26,6,48.8,12.13,3
BNBUSDT,veterana,2024,BULL,125.17,54.94,34.18,7,69.74,28.64,4
BNBUSDT,veterana,2025,LATERAL,7.8,8.12,12.36,5,-1.13,8.47,4
BONKUSDT,nova,2023,BEAR,-31.71,0.0,0.0,0,0.0,0.0,0
BONKUSDT,nova,2024,BULL,129.41,9.91,57.26,13,46.16,48.12,10
BONKUSDT,nova,2025,LATERAL,-13.66,165.06,19.73,8,26.65,24.41,5
BTCUSDT,veterana,2018,BEAR,-50.8,-19.97,23.0,6,-17.94,21.04,4
BTCUSDT,veterana,2019,BULL,94.4,88.54,43.46,8,97.86,39.39,6
BTCUSDT,veterana,2020,BULL,301.98,357.87,19.64,13,91.49,14.82,9
BTCUSDT,veterana,2021,BULL,59.79,19.79,50.07,12,-8.99,29.31,3
BTCUSDT,veterana,2022,BEAR,-64.21,-44.29,48.99,14,-28.81,34.69,8
BTCUSDT,veterana,2023,BULL,155.62,93.08,21.77,14,39.24,16.61,10
BTCUSDT,veterana,2024,BULL,121.31,40.39,37.53,14,15.72,24.49,10
BTCUSDT,veterana,2025,LATERAL,22.27,10.35,15.18,7,-16.31,18.35,4
DOGEUSDT,veterana,2019,BEAR,-55.16,-7.59,13.85,2,-7.59,13.85,2
DOGEUSDT,veterana,2020,BULL,131.97,174.95,38.38,5,182.76,38.38,4
DOGEUSDT,veterana,2021,BULL,3545.43,2065.33,57.72,8,2281.78,57.72,7
DOGEUSDT,veterana,2022,BEAR,-58.75,-51.53,60.08,13,-39.34,55.68,11
DOGEUSDT,veterana,2023,BULL,27.49,52.52,23.97,7,46.52,19.21,4
DOGEUSDT,veterana,2024,BULL,252.84,49.25,45.22,7,58.32,41.83,5
DOGEUSDT,veterana,2025,BEAR,-36.4,-10.74,31.08,4,9.96,28.77,2
ETHUSDT,veterana,2018,BEAR,-67.99,-12.65,28.44,4,7.18,21.95,1
ETHUSDT,veterana,2019,LATERAL,-1.74,26.89,32.86,8,17.57,32.86,6
ETHUSDT,veterana,2020,BULL,470.16,269.05,35.3,5,255.86,30.31,3
ETHUSDT,veterana,2021,BULL,399.2,20.3,34.71,5,-1.93,37.96,4
ETHUSDT,veterana,2022,BEAR,-67.46,-3.93,38.75,7,12.52,33.24,5
ETHUSDT,veterana,2023,BULL,90.77,40.28,26.74,9,-9.44,32.14,7
ETHUSDT,veterana,2024,BULL,46.27,36.7,34.43,8,23.93,40.56,7
ETHUSDT,veterana,2025,LATERAL,4.51,65.73,15.06,4,-8.19,14.11,2
FETUSDT,nova,2019,BEAR,-88.76,-56.03,58.25,14,-33.4,37.02,7
FETUSDT,nova,2020,BULL,38.38,369.3,43.43,19,256.8,32.99,10
FETUSDT,nova,2021,BULL,873.84,126.4,70.24,25,83.78,75.58,16
FETUSDT,nova,2022,BEAR,-81.74,-29.12,51.94,23,-45.77,48.91,16
FETUSDT,nova,2023,BULL,634.17,222.09,53.27,26,191.7,24.0,14
FETUSDT,nova,2024,BULL,89.12,91.31,40.36,18,27.98,24.66,9
FETUSDT,nova,2025,BEAR,-49.21,-35.49,47.07,16,-34.56,35.12,7
FLOKIUSDT,nova,2023,LATERAL,8.24,44.27,26.74,13,-12.12,26.52,5
FLOKIUSDT,nova,2024,BULL,406.9,702.9,34.94,23,46.42,29.94,16
FLOKIUSDT,nova,2025,BEAR,-38.34,83.0,26.03,9,32.18,24.59,6
HBARUSDT,nova,2019,BEAR,-67.0,0.63,1.02,1,0.0,0.0,0
HBARUSDT,nova,2020,BULL,211.55,120.9,62.47,14,79.99,69.42,10
HBARUSDT,nova,2021,BULL,812.35,27.49,72.23,12,2.02,64.77,9
HBARUSDT,nova,2022,BEAR,-87.42,-43.46,44.18,6,-20.28,26.58,2
HBARUSDT,nova,2023,BULL,135.34,39.91,37.16,14,37.06,31.07,7
HBARUSDT,nova,2024,BULL,212.79,-11.16,42.75,8,7.0,29.5,4
HBARUSDT,nova,2025,LATERAL,-10.36,-39.2,40.94,6,2.17,15.1,3
IMXUSDT,nova,2022,BEAR,-89.76,-59.22,68.56,13,-48.87,60.58,10
IMXUSDT,nova,2023,BULL,455.08,72.24,61.47,14,36.05,41.32,8
IMXUSDT,nova,2024,BEAR,-37.79,-26.07,45.61,9,1.27,23.73,4
IMXUSDT,nova,2025,BEAR,-62.34,-26.94,38.06,6,-16.2,29.08,5
INJUSDT,nova,2020,BULL,912.05,0.0,0.0,0,0.0,0.0,0
INJUSDT,nova,2021,BULL,103.33,78.05,55.4,5,130.62,42.24,4
INJUSDT,nova,2022,BEAR,-84.52,-38.88,60.15,6,-3.94,48.54,3
INJUSDT,nova,2023,BULL,2704.31,239.48,54.02,10,180.56,36.26,6
INJUSDT,nova,2024,BEAR,-45.13,-48.1,60.52,8,-49.59,61.66,7
INJUSDT,nova,2025,BEAR,-36.03,-16.06,32.24,3,-1.14,21.71,0
LINKUSDT,veterana,2019,BULL,230.03,269.69,50.03,13,229.33,44.42,8
LINKUSDT,veterana,2020,BULL,535.61,907.19,31.53,8,72.04,31.55,3
LINKUSDT,veterana,2021,BULL,73.63,43.12,53.5,13,77.37,47.4,10
LINKUSDT,veterana,2022,BEAR,-71.44,-53.9,59.93,15,-13.49,35.09,6
LINKUSDT,veterana,2023,BULL,168.0,118.41,24.35,14,22.02,22.3,10
LINKUSDT,veterana,2024,BULL,33.92,-7.43,45.4,17,18.41,32.92,12
LINKUSDT,veterana,2025,LATERAL,-18.63,-25.22,34.41,7,-17.37,29.4,5
PENGUUSDT,nova,2024,BULL,887.44,0.0,0.0,0,0.0,0.0,0
PENGUUSDT,nova,2025,LATERAL,0.85,-1.56,44.18,11,-12.17,46.25,7
PEPEUSDT,nova,2023,BEAR,-34.01,106.41,28.02,9,117.83,24.94,7
PEPEUSDT,nova,2024,BULL,1435.38,702.48,58.64,25,725.07,51.74,13
PEPEUSDT,nova,2025,BEAR,-46.49,16.59,40.51,11,6.82,29.88,8
RENDERUSDT,nova,2024,LATERAL,-3.39,51.06,18.99,8,7.76,10.91,3
RENDERUSDT,nova,2025,BEAR,-47.1,7.46,28.95,11,-3.22,25.92,3
SOLUSDT,veterana,2020,BEAR,-47.11,-12.42,26.47,1,-12.42,26.47,1
SOLUSDT,veterana,2021,BULL,11166.57,5446.63,47.3,9,6581.93,46.56,7
SOLUSDT,veterana,2022,BEAR,-94.14,-59.09,70.01,12,-43.73,58.75,8
SOLUSDT,veterana,2023,BULL,920.26,604.07,33.84,9,713.42,26.79,5
SOLUSDT,veterana,2024,BULL,86.11,-10.14,35.14,7,-8.99,29.45,5
SOLUSDT,veterana,2025,LATERAL,-14.05,-3.7,33.63,6,-12.53,31.04,3
SUIUSDT,nova,2023,BULL,675.2,10.96,20.79,6,-9.01,23.35,3
SUIUSDT,nova,2024,BULL,431.73,8.15,39.4,19,30.06,33.7,11
SUIUSDT,nova,2025,LATERAL,-14.22,11.18,31.09,9,66.26,23.42,5
TAOUSDT,nova,2024,LATERAL,0.27,44.33,25.63,11,42.6,26.52,10
TAOUSDT,nova,2025,LATERAL,-20.63,29.93,23.21,13,-3.34,23.21,10
TRXUSDT,veterana,2018,BEAR,-40.3,-1.3,23.93,3,-1.3,23.93,3
TRXUSDT,veterana,2019,BEAR,-28.76,-14.35,45.86,7,-12.42,40.65,5
TRXUSDT,veterana,2020,BULL,101.28,168.4,37.73,5,168.4,37.73,5
TRXUSDT,veterana,2021,BULL,181.62,146.96,48.08,11,81.63,50.05,7
TRXUSDT,veterana,2022,BEAR,-27.68,-30.49,43.34,11,-23.39,30.39,5
TRXUSDT,veterana,2023,BULL,97.5,44.05,22.33,13,11.32,20.76,4
TRXUSDT,veterana,2024,BULL,136.71,121.34,43.86,7,99.8,43.86,6
TRXUSDT,veterana,2025,BULL,26.97,-27.87,41.04,10,-21.66,22.73,4
XRPUSDT,veterana,2018,LATERAL,-19.0,2.65,46.36,3,2.65,46.36,3
XRPUSDT,veterana,2019,BEAR,-44.66,-7.52,36.18,8,-5.68,36.18,7
XRPUSDT,veterana,2020,LATERAL,13.87,143.07,33.14,10,151.19,33.14,6
XRPUSDT,veterana,2021,BULL,277.94,244.56,55.87,6,244.56,55.87,6
XRPUSDT,veterana,2022,BEAR,-59.16,-21.2,40.25,10,-7.9,35.07,6
XRPUSDT,veterana,2023,BULL,81.65,14.62,29.04,13,7.37,35.55,10
XRPUSDT,veterana,2024,BULL,238.52,121.77,51.18,12,198.55,41.84,7
XRPUSDT,veterana,2025,BULL,42.12,-24.24,61.59,8,-10.02,17.61,3
ZECUSDT,nova,2019,BEAR,-52.92,22.52,17.28,11,17.19,20.5,9
ZECUSDT,nova,2020,BULL,132.23,51.74,31.85,28,75.61,33.59,14
ZECUSDT,nova,2021,BULL,129.05,142.19,51.09,16,-20.63,32.82,3
ZECUSDT,nova,2022,BEAR,-74.54,-28.31,44.91,16,-21.47,29.32,8
ZECUSDT,nova,2023,BEAR,-27.83,-41.13,44.87,18,-40.85,43.73,11
ZECUSDT,nova,2024,BULL,109.03,-36.9,62.99,26,-17.35,49.38,14
ZECUSDT,nova,2025,BEAR,-35.26,-10.02,30.56,11,-10.7,22.09,6
