Ativo,Timeframe,Janela,Periodo_Treino,Periodo_Teste,media_rapida_per_v3,media_lenta_per_v3,media_filtro_tendencia_per_v3,atr_periodo_v3,atr_multiplicador_v3,multiplicador_trailing_v3,Lucro_V2_TESTE_%,Lucro_V3_TESTE_%,Lucro_BuyHold_TESTE_%,DD_V2_TESTE_%,DD_V3_TESTE_%,Trades_V2_TESTE,Trades_V3_TESTE
FETUSDT,4h,1,2019-02-28 a 2021-12-31,2022-01-01 a 2022-12-31,8,50,150,10,6.0,4.0,-18.22,-29.27,-81.74,41.27,44.06,6,4
FETUSDT,4h,2,2019-02-28 a 2022-12-31,2023-01-01 a 2023-12-31,8,50,150,7,6.0,4.0,318.46,349.21,634.17,69.27,59.6,12,10
FETUSDT,4h,3,2019-02-28 a 2023-12-31,2024-01-01 a 2024-12-31,8,50,150,7,6.0,4.0,-26.36,20.34,89.12,42.5,59.51,8,5
FETUSDT,4h,4,2019-02-28 a 2024-12-31,2025-01-01 a 2025-12-31,8,50,150,7,6.0,4.0,-48.23,-69.39,-84.39,54.78,70.73,4,6
FETUSDT,4h,5,2019-02-28 a 2025-12-31,2026-01-01 a 2026-07-28,8,50,150,7,6.0,4.0,8.6,-45.37,-28.99,30.46,45.37,3,2
BTCUSDT,4h,1,2018-07-30 a 2020-12-31,2021-01-01 a 2021-12-31,5,20,100,14,6.0,4.0,34.29,-17.15,59.79,29.5,58.83,8,11
BTCUSDT,4h,2,2018-07-30 a 2021-12-31,2022-01-01 a 2022-12-31,5,20,250,14,5.0,4.0,-26.07,-17.52,-64.21,30.55,27.56,10,5
BTCUSDT,4h,3,2018-07-30 a 2022-12-31,2023-01-01 a 2023-12-31,5,20,250,14,5.0,4.0,32.89,0.28,155.62,22.86,26.24,12,11
BTCUSDT,4h,4,2018-07-30 a 2023-12-31,2024-01-01 a 2024-12-31,5,20,250,14,5.0,4.0,111.69,86.45,121.31,23.04,33.09,8,10
BTCUSDT,4h,5,2018-07-30 a 2024-12-31,2025-01-01 a 2025-12-31,5,20,250,14,5.0,4.0,-1.93,-18.01,-6.33,16.57,20.72,11,10
BTCUSDT,4h,6,2018-07-30 a 2025-12-31,2026-01-01 a 2026-07-28,5,20,250,14,5.0,4.0,-10.79,-6.3,-27.56,21.25,15.17,5,7
ETHUSDT,4h,1,2018-07-30 a 2020-12-31,2021-01-01 a 2021-12-31,21,30,200,30,3.0,4.0,68.16,13.15,399.2,55.82,33.51,7,17
ETHUSDT,4h,2,2018-07-30 a 2021-12-31,2022-01-01 a 2022-12-31,14,30,200,5,3.0,4.0,-9.73,1.83,-67.46,35.81,21.19,7,7
ETHUSDT,4h,3,2018-07-30 a 2022-12-31,2023-01-01 a 2023-12-31,21,40,200,7,3.0,4.0,29.99,15.2,90.77,30.75,19.5,10,16
ETHUSDT,4h,4,2018-07-30 a 2023-12-31,2024-01-01 a 2024-12-31,21,40,200,5,4.0,4.0,8.06,-6.89,46.27,38.46,30.59,10,8
ETHUSDT,4h,5,2018-07-30 a 2024-12-31,2025-01-01 a 2025-12-31,18,80,100,7,6.0,4.0,-25.79,-3.21,-10.97,26.68,39.1,16,8
ETHUSDT,4h,6,2018-07-30 a 2025-12-31,2026-01-01 a 2026-07-28,7,150,200,7,2.5,4.0,-7.16,-14.63,-36.34,26.83,22.21,5,9
SOLUSDT,4h,1,2020-08-11 a 2022-12-31,2023-01-01 a 2023-12-31,15,20,250,10,5.0,4.0,-17.9,205.12,920.26,18.87,46.94,11,11
SOLUSDT,4h,2,2020-08-11 a 2023-12-31,2024-01-01 a 2024-12-31,10,20,250,14,4.0,4.0,21.98,-13.78,86.11,21.27,37.7,6,17
SOLUSDT,4h,3,2020-08-11 a 2024-12-31,2025-01-01 a 2025-12-31,5,20,200,14,4.0,4.0,31.57,-34.97,-34.16,25.54,37.39,7,15
SOLUSDT,4h,4,2020-08-11 a 2025-12-31,2026-01-01 a 2026-07-28,18,30,200,10,4.0,4.0,-11.41,-1.24,-41.38,11.41,18.75,3,5
XRPUSDT,4h,1,2018-07-30 a 2020-12-31,2021-01-01 a 2021-12-31,21,100,150,7,4.0,4.0,214.14,-45.93,277.94,58.53,62.48,21,6
XRPUSDT,4h,2,2018-07-30 a 2021-12-31,2022-01-01 a 2022-12-31,15,200,100,7,6.0,4.0,-30.88,-31.79,-59.16,45.03,44.81,27,6
XRPUSDT,4h,3,2018-07-30 a 2022-12-31,2023-01-01 a 2023-12-31,7,30,50,5,1.5,4.0,8.75,42.07,81.65,27.69,21.1,13,33
XRPUSDT,4h,4,2018-07-30 a 2023-12-31,2024-01-01 a 2024-12-31,15,200,100,5,6.0,4.0,146.13,56.36,238.52,35.73,40.77,24,5
XRPUSDT,4h,5,2018-07-30 a 2024-12-31,2025-01-01 a 2025-12-31,21,120,200,5,6.0,4.0,-42.31,-51.01,-11.58,45.38,63.3,29,6
XRPUSDT,4h,6,2018-07-30 a 2025-12-31,2026-01-01 a 2026-07-28,15,200,50,5,6.0,4.0,-6.16,-7.58,-42.91,25.12,21.84,11,3
BNBUSDT,4h,1,2018-07-30 a 2020-12-31,2021-01-01 a 2021-12-31,14,20,250,25,5.0,2.0,869.83,122.32,1268.86,40.46,51.6,11,14
BNBUSDT,4h,2,2018-07-30 a 2021-12-31,2022-01-01 a 2022-12-31,9,20,200,5,5.0,4.0,-34.54,-39.98,-51.85,34.54,40.43,15,11
BNBUSDT,4h,3,2018-07-30 a 2022-12-31,2023-01-01 a 2023-12-31,7,20,250,5,2.5,4.0,25.29,-25.32,26.59,31.36,40.94,14,24
BNBUSDT,4h,4,2018-07-30 a 2023-12-31,2024-01-01 a 2024-12-31,9,30,50,14,2.5,4.0,43.57,13.16,125.17,35.81,26.19,8,24
BNBUSDT,4h,5,2018-07-30 a 2024-12-31,2025-01-01 a 2025-12-31,9,30,50,14,3.0,4.0,49.19,-1.83,23.07,33.97,29.3,7,20
BNBUSDT,4h,6,2018-07-30 a 2025-12-31,2026-01-01 a 2026-07-28,9,30,50,20,2.5,4.0,-22.22,-22.56,-34.53,28.36,25.85,7,19
TRXUSDT,4h,1,2018-07-30 a 2020-12-31,2021-01-01 a 2021-12-31,18,100,100,10,5.0,1.5,36.98,178.28,181.62,43.76,23.56,5,9
TRXUSDT,4h,2,2018-07-30 a 2021-12-31,2022-01-01 a 2022-12-31,14,20,50,25,6.0,1.0,-36.73,-30.89,-27.68,44.88,49.67,16,9
TRXUSDT,4h,3,2018-07-30 a 2022-12-31,2023-01-01 a 2023-12-31,18,100,100,10,5.0,1.0,57.16,35.81,97.5,19.49,18.92,11,12
TRXUSDT,4h,4,2018-07-30 a 2023-12-31,2024-01-01 a 2024-12-31,14,20,50,25,6.0,1.0,121.08,56.37,136.71,37.07,17.51,10,15
TRXUSDT,4h,5,2018-07-30 a 2024-12-31,2025-01-01 a 2025-12-31,14,20,50,25,6.0,1.0,-26.46,-22.96,11.7,36.71,42.8,16,16
TRXUSDT,4h,6,2018-07-30 a 2025-12-31,2026-01-01 a 2026-07-28,14,20,50,25,6.0,1.0,12.85,20.73,14.13,12.35,8.44,4,8
