Ativo,Modo,Grupo,n_trades,retorno_total_pct,retorno_anual_pct,drawdown_pct,calmar,sharpe,capital_final
1MBABYDOGEUSDT,Baseline,nova,11,51.93,62.04,38.37,1.6169,0.9107,1519.31
1MBABYDOGEUSDT,R=2%,nova,11,7.5,8.71,7.82,1.114,0.79,1075.05
1MBABYDOGEUSDT,R=5%,nova,11,17.71,20.7,17.07,1.2127,0.8351,1177.11
1MBABYDOGEUSDT,R=10%,nova,11,31.76,37.47,28.65,1.3079,0.8823,1317.56
1MBABYDOGEUSDT,R=15%,nova,11,41.98,49.86,37.53,1.3285,0.9093,1419.83
1MBABYDOGEUSDT,R=20%,nova,11,48.43,57.74,44.82,1.2884,0.9246,1484.33
1MBABYDOGEUSDT,R=30%,nova,11,50.91,60.78,56.51,1.0756,0.9362,1509.07
API3USDT,Baseline,nova,19,-11.71,-3.48,68.83,-0.0505,0.2686,882.93
API3USDT,R=2%,nova,19,4.86,1.36,9.05,0.1501,0.2313,1048.62
API3USDT,R=5%,nova,19,10.43,2.86,21.23,0.1346,0.25,1104.26
API3USDT,R=10%,nova,19,15.26,4.12,38.28,0.1075,0.2757,1152.56
API3USDT,R=15%,nova,19,15.0,4.05,51.95,0.078,0.2971,1150.03
API3USDT,R=20%,nova,19,10.44,2.86,62.85,0.0455,0.3157,1104.36
API3USDT,R=30%,nova,19,-7.9,-2.31,78.37,-0.0295,0.3472,920.97
BNBUSDT,Baseline,veterana,41,14473.85,103.81,43.31,2.3967,1.4462,145738.46
BNBUSDT,R=2%,veterana,41,253.15,19.76,31.71,0.6232,0.9242,3531.46
BNBUSDT,R=5%,veterana,41,990.86,40.71,38.66,1.0531,1.1599,10908.64
BNBUSDT,R=10%,veterana,41,3794.48,68.78,42.51,1.618,1.3422,38944.81
BNBUSDT,R=15%,veterana,41,9870.86,93.05,44.84,2.0751,1.4334,99708.6
BNBUSDT,R=20%,veterana,41,21089.77,115.01,46.89,2.4526,1.4859,211897.72
BNBUSDT,R=30%,veterana,41,67544.54,153.81,57.73,2.6645,1.5401,676445.39
BONKUSDT,Baseline,nova,21,191.33,93.32,57.26,1.6297,1.3419,2913.33
BONKUSDT,R=2%,nova,21,26.98,15.86,6.09,2.6056,1.7156,1269.78
BONKUSDT,R=5%,nova,21,72.34,39.87,14.7,2.7115,1.7117,1723.37
BONKUSDT,R=10%,nova,21,158.5,79.58,27.75,2.8675,1.695,2584.97
BONKUSDT,R=15%,nova,21,252.55,117.44,39.27,2.9903,1.672,3525.51
BONKUSDT,R=20%,nova,21,347.16,151.76,49.39,3.0727,1.6459,4471.56
BONKUSDT,R=30%,nova,21,506.79,203.89,65.86,3.0956,1.589,6067.93
BTCUSDT,Baseline,veterana,91,1327.99,46.23,57.72,0.8009,1.0788,14279.93
BTCUSDT,R=2%,veterana,91,166.49,15.04,12.43,1.2094,1.2756,2664.85
BTCUSDT,R=5%,veterana,91,736.78,35.47,28.04,1.2651,1.3257,8367.79
BTCUSDT,R=10%,veterana,91,3082.48,63.97,48.53,1.318,1.3428,31824.77
BTCUSDT,R=15%,veterana,91,7400.28,85.34,63.45,1.3451,1.3259,75002.79
BTCUSDT,R=20%,veterana,91,12475.23,99.55,74.24,1.3409,1.2952,125752.35
BTCUSDT,R=30%,veterana,91,16588.62,107.78,87.55,1.2311,1.2197,166886.24
DOGEUSDT,Baseline,veterana,47,9735.77,113.02,77.99,1.449,0.9911,98357.69
DOGEUSDT,R=2%,veterana,47,119.02,13.79,22.3,0.6185,0.7511,2190.19
DOGEUSDT,R=5%,veterana,47,479.19,33.57,38.23,0.8781,0.8802,5791.86
DOGEUSDT,R=10%,veterana,47,1958.21,64.61,52.1,1.2401,1.009,20582.13
DOGEUSDT,R=15%,veterana,47,5385.21,93.47,60.88,1.5353,1.0906,54852.06
DOGEUSDT,R=20%,veterana,47,11901.66,120.12,67.52,1.7791,1.1491,120016.62
DOGEUSDT,R=30%,veterana,47,37946.85,166.22,78.44,2.119,1.2298,380468.52
ETHUSDT,Baseline,veterana,53,3078.7,63.94,44.08,1.4505,1.1936,31787.02
ETHUSDT,R=2%,veterana,53,104.01,10.73,9.27,1.1572,1.0716,2040.11
ETHUSDT,R=5%,veterana,53,371.72,24.82,17.92,1.3852,1.1387,4717.16
ETHUSDT,R=10%,veterana,53,1238.85,44.89,32.87,1.3655,1.1861,13388.48
ETHUSDT,R=15%,veterana,53,2772.45,61.59,45.55,1.352,1.2045,28724.49
ETHUSDT,R=20%,veterana,53,4956.3,75.19,56.19,1.3381,1.211,50563.0
ETHUSDT,R=30%,veterana,53,9930.11,93.21,72.41,1.2872,1.2079,100301.12
FETUSDT,Baseline,nova,140,1219.96,49.5,81.97,0.6039,0.8823,13199.64
FETUSDT,R=2%,nova,140,89.07,10.44,13.97,0.7469,0.9201,1890.72
FETUSDT,R=5%,nova,140,297.32,23.99,31.87,0.7527,0.9366,3973.25
FETUSDT,R=10%,nova,140,811.25,41.11,54.79,0.7503,0.9404,9112.53
FETUSDT,R=15%,nova,140,1332.25,51.42,70.85,0.7258,0.9331,14322.53
FETUSDT,R=20%,nova,140,1572.99,55.13,81.75,0.6743,0.921,16729.9
FETUSDT,R=30%,nova,140,1005.31,45.42,93.51,0.4858,0.8906,11053.13
FLOKIUSDT,Baseline,nova,45,2019.71,292.22,41.22,7.0889,1.8948,21197.11
FLOKIUSDT,R=2%,nova,45,74.29,28.23,12.75,2.2142,1.4945,1742.93
FLOKIUSDT,R=5%,nova,45,243.61,73.74,22.31,3.3054,1.6532,3436.14
FLOKIUSDT,R=10%,nova,45,728.13,157.55,29.75,5.2966,1.7902,8281.31
FLOKIUSDT,R=15%,nova,45,1530.49,248.77,38.23,6.5073,1.8587,16304.86
FLOKIUSDT,R=20%,nova,45,2687.46,343.36,46.98,7.308,1.8952,27874.57
FLOKIUSDT,R=30%,nova,45,5887.64,524.25,61.28,8.5554,1.9234,59876.45
HBARUSDT,Baseline,nova,60,29.43,4.52,80.97,0.0558,0.4144,1294.26
HBARUSDT,R=2%,nova,60,33.29,5.05,17.19,0.2938,0.4316,1332.87
HBARUSDT,R=5%,nova,60,80.7,10.68,31.6,0.3378,0.4725,1807.03
HBARUSDT,R=10%,nova,60,140.62,16.24,47.35,0.343,0.5016,2406.21
HBARUSDT,R=15%,nova,60,164.82,18.17,59.69,0.3044,0.514,2648.19
HBARUSDT,R=20%,nova,60,152.41,17.2,70.03,0.2456,0.5194,2524.12
HBARUSDT,R=30%,nova,60,62.01,8.62,85.3,0.1011,0.5196,1620.1
IMXUSDT,Baseline,nova,41,-62.09,-23.91,79.94,-0.2991,-0.1829,379.1
IMXUSDT,R=2%,nova,41,5.34,1.48,13.75,0.1074,0.2307,1053.42
IMXUSDT,R=5%,nova,41,6.53,1.8,31.36,0.0574,0.1988,1065.35
IMXUSDT,R=10%,nova,41,-4.28,-1.23,53.89,-0.0227,0.1449,957.18
IMXUSDT,R=15%,nova,41,-23.32,-7.21,69.72,-0.1034,0.0929,766.77
IMXUSDT,R=20%,nova,41,-43.89,-15.02,80.59,-0.1864,0.0435,561.14
IMXUSDT,R=30%,nova,41,-76.1,-33.18,92.64,-0.3582,-0.0479,239.03
INJUSDT,Baseline,nova,33,80.22,13.14,78.98,0.1664,0.5445,1802.25
INJUSDT,R=2%,nova,33,18.9,3.7,9.26,0.399,0.5342,1189.03
INJUSDT,R=5%,nova,33,45.23,8.14,21.45,0.3793,0.543,1452.33
INJUSDT,R=10%,nova,33,79.46,13.04,38.35,0.3401,0.5456,1794.63
INJUSDT,R=15%,nova,33,97.36,15.32,52.01,0.2945,0.5412,1973.58
INJUSDT,R=20%,nova,33,97.77,15.37,63.13,0.2434,0.5337,1977.68
INJUSDT,R=30%,nova,33,57.68,10.02,79.33,0.1263,0.5148,1576.81
LINKUSDT,Baseline,veterana,87,3613.97,73.88,76.89,0.961,1.0685,37139.67
LINKUSDT,R=2%,veterana,87,116.76,12.57,15.89,0.7911,0.8988,2167.62
LINKUSDT,R=5%,veterana,87,423.65,28.84,27.81,1.0371,1.0085,5236.53
LINKUSDT,R=10%,veterana,87,1395.89,51.29,47.0,1.0913,1.0883,14958.89
LINKUSDT,R=15%,veterana,87,2977.0,68.95,60.89,1.1323,1.1225,30769.97
LINKUSDT,R=20%,veterana,87,4937.8,82.19,71.19,1.1546,1.1379,50378.03
LINKUSDT,R=30%,veterana,87,8091.34,96.26,84.67,1.1369,1.1444,81913.41
PENGUUSDT,Baseline,nova,10,-1.3,-2.11,44.18,-0.0478,0.3312,986.97
PENGUUSDT,R=2%,nova,10,1.61,2.63,5.86,0.4492,0.3371,1016.08
PENGUUSDT,R=5%,nova,10,3.02,4.97,14.23,0.3492,0.3249,1030.22
PENGUUSDT,R=10%,nova,10,2.92,4.8,27.07,0.1774,0.2971,1029.22
PENGUUSDT,R=15%,nova,10,0.12,0.19,38.57,0.005,0.2633,1001.19
PENGUUSDT,R=20%,nova,10,-4.93,-7.9,48.79,-0.1619,0.2256,950.7
PENGUUSDT,R=30%,nova,10,-19.86,-30.27,65.63,-0.4612,0.1427,801.37
PEPEUSDT,Baseline,nova,45,1831.11,276.2,58.64,4.7101,1.7768,19311.09
PEPEUSDT,R=2%,nova,45,78.34,29.55,9.91,2.9819,1.6431,1783.43
PEPEUSDT,R=5%,nova,45,247.86,74.7,19.66,3.7988,1.7587,3478.6
PEPEUSDT,R=10%,nova,45,677.34,150.36,31.41,4.7875,1.8324,7773.39
PEPEUSDT,R=15%,nova,45,1263.46,221.94,40.83,5.4358,1.8424,13634.6
PEPEUSDT,R=20%,nova,45,1921.27,283.96,48.95,5.8012,1.825,20212.69
PEPEUSDT,R=30%,nova,45,2958.97,362.19,62.65,5.7814,1.7576,30589.69
RENDERUSDT,Baseline,nova,19,62.33,61.64,30.83,1.9993,1.2244,1623.31
RENDERUSDT,R=2%,nova,19,10.81,10.71,5.79,1.8483,1.2099,1108.05
RENDERUSDT,R=5%,nova,19,27.74,27.46,12.84,2.1393,1.2718,1277.4
RENDERUSDT,R=10%,nova,19,57.52,56.89,21.75,2.6157,1.3535,1575.18
RENDERUSDT,R=15%,nova,19,88.54,87.49,29.43,2.9728,1.4165,1885.44
RENDERUSDT,R=20%,nova,19,119.94,118.42,36.99,3.2013,1.4667,2199.4
RENDERUSDT,R=30%,nova,19,180.08,177.55,49.69,3.573,1.5413,2800.81
SOLUSDT,Baseline,veterana,45,12406.96,164.45,80.08,2.0534,1.5204,125069.63
SOLUSDT,R=2%,veterana,45,130.56,18.32,16.84,1.0876,1.1879,2305.62
SOLUSDT,R=5%,veterana,45,466.51,41.8,33.0,1.2668,1.3227,5665.11
SOLUSDT,R=10%,veterana,45,1475.16,74.23,49.92,1.4869,1.4286,15751.58
SOLUSDT,R=15%,veterana,45,3064.62,100.51,61.33,1.639,1.4708,31646.19
SOLUSDT,R=20%,veterana,45,5115.7,121.74,69.82,1.7436,1.4835,52156.95
SOLUSDT,R=30%,veterana,45,9581.18,151.15,81.65,1.8513,1.4702,96811.82
SUIUSDT,Baseline,nova,33,35.74,14.61,39.4,0.3709,0.5335,1357.4
SUIUSDT,R=2%,nova,33,10.07,4.38,4.76,0.919,0.6253,1100.71
SUIUSDT,R=5%,nova,33,24.19,10.15,11.46,0.8861,0.6318,1241.93
SUIUSDT,R=10%,nova,33,43.93,17.65,21.55,0.819,0.6403,1439.33
SUIUSDT,R=15%,nova,33,57.49,22.47,30.47,0.7375,0.6473,1574.85
SUIUSDT,R=20%,nova,33,63.9,24.68,38.38,0.643,0.6538,1639.01
SUIUSDT,R=30%,nova,33,55.52,21.79,51.66,0.4218,0.6663,1555.15
TAOUSDT,Baseline,nova,24,87.52,62.28,31.33,1.9878,1.187,1875.22
TAOUSDT,R=2%,nova,24,11.86,9.01,4.14,2.1769,1.2828,1118.57
TAOUSDT,R=5%,nova,24,30.13,22.48,9.87,2.2771,1.2797,1301.32
TAOUSDT,R=10%,nova,24,60.94,44.26,18.44,2.4004,1.2714,1609.45
TAOUSDT,R=15%,nova,24,90.62,64.34,26.06,2.469,1.2606,1906.21
TAOUSDT,R=20%,nova,24,117.41,81.85,32.95,2.4842,1.2483,2174.09
TAOUSDT,R=30%,nova,24,156.52,106.55,45.03,2.3664,1.2219,2565.2
TRXUSDT,Baseline,veterana,69,1061.24,41.97,64.78,0.6479,0.8301,11612.43
TRXUSDT,R=2%,veterana,69,81.14,8.86,29.47,0.3007,0.6096,1811.36
TRXUSDT,R=5%,veterana,69,296.55,21.76,50.11,0.4343,0.7173,3965.53
TRXUSDT,R=10%,veterana,69,1069.93,42.12,66.62,0.6322,0.8402,11699.25
TRXUSDT,R=15%,veterana,69,2681.2,60.84,75.75,0.8033,0.9276,27811.96
TRXUSDT,R=20%,veterana,69,5479.44,77.67,81.8,0.9495,0.9944,55794.43
TRXUSDT,R=30%,veterana,69,14938.65,104.72,89.44,1.1709,1.0905,150386.51
XRPUSDT,Baseline,veterana,71,1096.63,42.58,68.38,0.6227,0.8304,11966.29
XRPUSDT,R=2%,veterana,71,56.95,6.65,13.38,0.4972,0.6304,1569.55
XRPUSDT,R=5%,veterana,71,166.27,15.02,28.2,0.5327,0.6862,2662.66
XRPUSDT,R=10%,veterana,71,394.56,25.67,45.8,0.5604,0.7409,4945.55
XRPUSDT,R=15%,veterana,71,634.27,32.97,59.46,0.5544,0.773,7342.7
XRPUSDT,R=20%,veterana,71,825.44,37.44,70.3,0.5326,0.7937,9254.38
XRPUSDT,R=30%,veterana,71,910.63,39.18,84.55,0.4634,0.8183,10106.33
ZECUSDT,Baseline,nova,126,7.9,1.2,85.7,0.014,0.2972,1079.01
ZECUSDT,R=2%,nova,126,14.07,2.09,26.04,0.0803,0.2696,1140.7
ZECUSDT,R=5%,nova,126,27.59,3.91,53.46,0.073,0.2816,1275.86
ZECUSDT,R=10%,nova,126,25.5,3.64,79.13,0.046,0.2946,1255.02
ZECUSDT,R=15%,nova,126,-1.56,-0.25,91.01,-0.0027,0.3018,984.36
ZECUSDT,R=20%,nova,126,-37.19,-7.05,96.29,-0.0732,0.305,628.06
ZECUSDT,R=30%,nova,126,-85.69,-26.34,99.45,-0.2649,0.3037,143.12
