Ativo,Grupo,Interval,Ano,Periodo,Regime,Retorno_%,BH_%,DD_%,Trades,Sharpe_janela
1MBABYDOGEUSDT,nova,4h,2024,2024-09-16 a 2024-12-31,BULL,73.66,255.64,26.01,3,1.776
1MBABYDOGEUSDT,nova,4h,2025,2025-01-01 a 2025-08-06,BEAR,-13.63,-58.43,29.58,9,-0.31
API3USDT,nova,12h,2022,2022-01-21 a 2022-12-31,BEAR,-15.14,-75.73,27.02,2,-0.353
API3USDT,nova,12h,2023,2023-01-01 a 2023-12-31,BULL,-29.67,96.65,60.06,8,-0.598
API3USDT,nova,12h,2024,2024-01-01 a 2024-12-31,LATERAL,105.5,-20.38,50.17,5,1.091
API3USDT,nova,12h,2025,2025-01-01 a 2025-08-06,BEAR,-11.39,-56.92,43.56,3,-0.025
BNBUSDT,veterana,12h,2018,2018-08-08 a 2018-12-31,BEAR,-12.58,-53.52,15.65,2,-2.292
BNBUSDT,veterana,12h,2019,2019-01-01 a 2019-12-31,BULL,-4.07,124.34,15.98,1,-0.193
BNBUSDT,veterana,12h,2020,2020-01-01 a 2020-12-31,BULL,63.03,172.38,33.17,5,1.187
BNBUSDT,veterana,12h,2021,2021-01-01 a 2021-12-31,BULL,39.78,1268.86,29.09,4,0.975
BNBUSDT,veterana,12h,2022,2022-01-01 a 2022-12-31,BEAR,-14.06,-51.85,30.2,7,-0.258
BNBUSDT,veterana,12h,2023,2023-01-01 a 2023-12-31,BULL,54.43,26.59,14.26,6,1.481
BNBUSDT,veterana,12h,2024,2024-01-01 a 2024-12-31,BULL,54.94,125.17,34.18,7,1.155
BNBUSDT,veterana,12h,2025,2025-01-01 a 2025-08-06,LATERAL,9.9,9.57,13.42,5,0.672
BONKUSDT,nova,4h,2023,2023-12-15 a 2023-12-31,BEAR,0.0,-31.71,0.0,0,
BONKUSDT,nova,4h,2024,2024-01-01 a 2024-12-31,BULL,9.91,129.41,57.26,13,0.473
BONKUSDT,nova,4h,2025,2025-01-01 a 2025-08-06,LATERAL,165.06,-19.55,19.73,8,2.486
BTCUSDT,veterana,6h,2018,2018-08-08 a 2018-12-31,BEAR,-19.97,-44.9,23.0,6,-1.697
BTCUSDT,veterana,6h,2019,2019-01-01 a 2019-12-31,BULL,88.54,94.4,43.46,8,1.548
BTCUSDT,veterana,6h,2020,2020-01-01 a 2020-12-31,BULL,357.87,301.98,19.64,13,3.239
BTCUSDT,veterana,6h,2021,2021-01-01 a 2021-12-31,BULL,19.79,59.79,50.07,12,0.603
BTCUSDT,veterana,6h,2022,2022-01-01 a 2022-12-31,BEAR,-44.29,-64.21,48.99,14,-1.78
BTCUSDT,veterana,6h,2023,2023-01-01 a 2023-12-31,BULL,93.08,155.62,21.77,14,2.086
BTCUSDT,veterana,6h,2024,2024-01-01 a 2024-12-31,BULL,40.39,121.31,37.53,14,1.05
BTCUSDT,veterana,6h,2025,2025-01-01 a 2025-08-06,LATERAL,10.35,23.43,15.18,7,0.742
DOGEUSDT,veterana,8h,2019,2019-07-05 a 2019-12-31,BEAR,-7.59,-55.16,13.85,2,-0.481
DOGEUSDT,veterana,8h,2020,2020-01-01 a 2020-12-31,BULL,174.95,131.97,38.38,5,1.566
DOGEUSDT,veterana,8h,2021,2021-01-01 a 2021-12-31,BULL,2065.33,3545.43,57.72,8,1.609
DOGEUSDT,veterana,8h,2022,2022-01-01 a 2022-12-31,BEAR,-51.53,-58.75,60.08,13,-0.586
DOGEUSDT,veterana,8h,2023,2023-01-01 a 2023-12-31,BULL,52.52,27.49,23.97,7,1.026
DOGEUSDT,veterana,8h,2024,2024-01-01 a 2024-12-31,BULL,49.25,252.84,45.22,7,0.894
DOGEUSDT,veterana,8h,2025,2025-01-01 a 2025-08-06,BEAR,-11.22,-35.05,31.08,5,-0.049
ETHUSDT,veterana,8h,2018,2018-08-08 a 2018-12-31,BEAR,-12.65,-65.24,28.44,4,-0.201
ETHUSDT,veterana,8h,2019,2019-01-01 a 2019-12-31,LATERAL,26.89,-1.74,32.86,8,0.706
ETHUSDT,veterana,8h,2020,2020-01-01 a 2020-12-31,BULL,269.05,470.16,35.3,5,2.581
ETHUSDT,veterana,8h,2021,2021-01-01 a 2021-12-31,BULL,20.3,399.2,34.71,5,0.64
ETHUSDT,veterana,8h,2022,2022-01-01 a 2022-12-31,BEAR,-3.93,-67.46,38.75,7,0.145
ETHUSDT,veterana,8h,2023,2023-01-01 a 2023-12-31,BULL,40.28,90.77,26.74,9,1.085
ETHUSDT,veterana,8h,2024,2024-01-01 a 2024-12-31,BULL,36.7,46.27,34.43,8,0.981
ETHUSDT,veterana,8h,2025,2025-01-01 a 2025-08-06,LATERAL,75.0,10.35,15.06,4,2.142
FETUSDT,nova,4h,2019,2019-02-28 a 2019-12-31,BEAR,-56.03,-88.76,58.25,14,-1.317
FETUSDT,nova,4h,2020,2020-01-01 a 2020-12-31,BULL,369.3,38.38,43.43,19,2.307
FETUSDT,nova,4h,2021,2021-01-01 a 2021-12-31,BULL,126.4,873.84,70.24,25,1.271
FETUSDT,nova,4h,2022,2022-01-01 a 2022-12-31,BEAR,-29.12,-81.74,51.94,23,-0.223
FETUSDT,nova,4h,2023,2023-01-01 a 2023-12-31,BULL,222.09,634.17,53.27,26,1.672
FETUSDT,nova,4h,2024,2024-01-01 a 2024-12-31,BULL,91.31,89.12,40.36,18,1.158
FETUSDT,nova,4h,2025,2025-01-01 a 2025-08-06,BEAR,-35.49,-48.82,47.07,16,-0.846
FLOKIUSDT,nova,4h,2023,2023-05-05 a 2023-12-31,LATERAL,44.27,8.24,26.74,13,1.21
FLOKIUSDT,nova,4h,2024,2024-01-01 a 2024-12-31,BULL,702.9,406.9,34.94,23,2.18
FLOKIUSDT,nova,4h,2025,2025-01-01 a 2025-08-06,BEAR,83.0,-39.41,26.03,9,1.902
HBARUSDT,nova,8h,2019,2019-09-29 a 2019-12-31,BEAR,0.63,-67.0,1.02,1,0.741
HBARUSDT,nova,8h,2020,2020-01-01 a 2020-12-31,BULL,120.9,211.55,62.47,14,1.026
HBARUSDT,nova,8h,2021,2021-01-01 a 2021-12-31,BULL,27.49,812.35,72.23,12,0.746
HBARUSDT,nova,8h,2022,2022-01-01 a 2022-12-31,BEAR,-43.46,-87.42,44.18,6,-1.757
HBARUSDT,nova,8h,2023,2023-01-01 a 2023-12-31,BULL,39.91,135.34,37.16,14,0.873
HBARUSDT,nova,8h,2024,2024-01-01 a 2024-12-31,BULL,-11.16,212.79,42.75,8,-0.07
HBARUSDT,nova,8h,2025,2025-01-01 a 2025-08-06,LATERAL,-39.2,-9.08,40.94,6,-1.388
IMXUSDT,nova,6h,2022,2022-01-10 a 2022-12-31,BEAR,-59.22,-89.76,68.56,13,-1.356
IMXUSDT,nova,6h,2023,2023-01-01 a 2023-12-31,BULL,72.24,455.08,61.47,14,1.088
IMXUSDT,nova,6h,2024,2024-01-01 a 2024-12-31,BEAR,-26.07,-37.79,45.61,9,-0.695
IMXUSDT,nova,6h,2025,2025-01-01 a 2025-08-06,BEAR,-26.94,-61.66,38.06,6,-0.747
INJUSDT,nova,12h,2020,2020-10-21 a 2020-12-31,BULL,0.0,912.05,0.0,0,
INJUSDT,nova,12h,2021,2021-01-01 a 2021-12-31,BULL,78.05,103.33,55.4,5,1.03
INJUSDT,nova,12h,2022,2022-01-01 a 2022-12-31,BEAR,-38.88,-84.52,60.15,6,-0.124
INJUSDT,nova,12h,2023,2023-01-01 a 2023-12-31,BULL,239.48,2704.31,54.02,10,1.914
INJUSDT,nova,12h,2024,2024-01-01 a 2024-12-31,BEAR,-48.1,-45.13,60.52,8,-0.677
INJUSDT,nova,12h,2025,2025-01-01 a 2025-08-06,BEAR,-16.36,-34.1,32.24,4,-0.337
LINKUSDT,veterana,6h,2019,2019-01-16 a 2019-12-31,BULL,269.69,230.03,50.03,13,1.652
LINKUSDT,veterana,6h,2020,2020-01-01 a 2020-12-31,BULL,907.19,535.61,31.53,8,2.933
LINKUSDT,veterana,6h,2021,2021-01-01 a 2021-12-31,BULL,43.12,73.63,53.5,13,0.849
LINKUSDT,veterana,6h,2022,2022-01-01 a 2022-12-31,BEAR,-53.9,-71.44,59.93,15,-1.035
LINKUSDT,veterana,6h,2023,2023-01-01 a 2023-12-31,BULL,118.41,168.0,24.35,14,1.557
LINKUSDT,veterana,6h,2024,2024-01-01 a 2024-12-31,BULL,-7.43,33.92,45.4,17,0.22
LINKUSDT,veterana,6h,2025,2025-01-01 a 2025-08-06,LATERAL,-25.22,-16.13,34.41,7,-0.863
PENGUUSDT,nova,4h,2024,2024-12-17 a 2024-12-31,BULL,0.0,887.44,0.0,0,
PENGUUSDT,nova,4h,2025,2025-01-01 a 2025-08-06,LATERAL,-1.56,6.4,44.18,11,0.326
PEPEUSDT,nova,4h,2023,2023-05-05 a 2023-12-31,BEAR,106.41,-34.01,28.02,9,1.89
PEPEUSDT,nova,4h,2024,2024-01-01 a 2024-12-31,BULL,702.48,1435.38,58.64,25,1.98
PEPEUSDT,nova,4h,2025,2025-01-01 a 2025-08-06,BEAR,16.59,-47.29,40.51,11,0.708
RENDERUSDT,nova,4h,2024,2024-07-26 a 2024-12-31,LATERAL,51.06,-3.39,18.99,8,2.003
RENDERUSDT,nova,4h,2025,2025-01-01 a 2025-08-06,BEAR,7.46,-46.86,28.95,11,0.491
SOLUSDT,veterana,8h,2020,2020-08-11 a 2020-12-31,BEAR,-12.42,-47.11,26.47,1,-0.545
SOLUSDT,veterana,8h,2021,2021-01-01 a 2021-12-31,BULL,5446.63,11166.57,47.3,9,3.378
SOLUSDT,veterana,8h,2022,2022-01-01 a 2022-12-31,BEAR,-59.09,-94.14,70.01,12,-1.495
SOLUSDT,veterana,8h,2023,2023-01-01 a 2023-12-31,BULL,604.07,920.26,33.84,9,2.566
SOLUSDT,veterana,8h,2024,2024-01-01 a 2024-12-31,BULL,-10.14,86.11,35.14,7,-0.145
SOLUSDT,veterana,8h,2025,2025-01-01 a 2025-08-06,LATERAL,-2.82,-11.21,33.63,7,0.205
SUIUSDT,nova,6h,2023,2023-05-03 a 2023-12-31,BULL,10.96,675.2,20.79,6,0.595
SUIUSDT,nova,6h,2024,2024-01-01 a 2024-12-31,BULL,8.15,431.73,39.4,19,0.49
SUIUSDT,nova,6h,2025,2025-01-01 a 2025-08-06,LATERAL,11.18,-15.08,31.09,9,0.576
TAOUSDT,nova,4h,2024,2024-04-11 a 2024-12-31,LATERAL,44.33,0.27,25.63,11,1.225
TAOUSDT,nova,4h,2025,2025-01-01 a 2025-08-06,LATERAL,29.93,-21.02,23.21,13,1.144
TRXUSDT,veterana,8h,2018,2018-08-08 a 2018-12-31,BEAR,-1.3,-32.49,23.93,3,0.4
TRXUSDT,veterana,8h,2019,2019-01-01 a 2019-12-31,BEAR,-14.35,-28.76,45.86,7,0.026
TRXUSDT,veterana,8h,2020,2020-01-01 a 2020-12-31,BULL,168.4,101.28,37.73,5,1.652
TRXUSDT,veterana,8h,2021,2021-01-01 a 2021-12-31,BULL,146.96,181.62,48.08,11,1.401
TRXUSDT,veterana,8h,2022,2022-01-01 a 2022-12-31,BEAR,-30.49,-27.68,43.34,11,-0.848
TRXUSDT,veterana,8h,2023,2023-01-01 a 2023-12-31,BULL,44.05,97.5,22.33,13,1.158
TRXUSDT,veterana,8h,2024,2024-01-01 a 2024-12-31,BULL,121.34,136.71,43.86,7,1.279
TRXUSDT,veterana,8h,2025,2025-01-01 a 2025-08-06,BULL,-24.77,32.43,41.04,10,-1.544
XRPUSDT,veterana,8h,2018,2018-08-08 a 2018-12-31,LATERAL,2.65,-7.96,46.36,3,0.61
XRPUSDT,veterana,8h,2019,2019-01-01 a 2019-12-31,BEAR,-7.52,-44.66,36.18,8,0.093
XRPUSDT,veterana,8h,2020,2020-01-01 a 2020-12-31,LATERAL,143.07,13.87,33.14,10,1.417
XRPUSDT,veterana,8h,2021,2021-01-01 a 2021-12-31,BULL,244.56,277.94,55.87,6,1.597
XRPUSDT,veterana,8h,2022,2022-01-01 a 2022-12-31,BEAR,-21.2,-59.16,40.25,10,-0.194
XRPUSDT,veterana,8h,2023,2023-01-01 a 2023-12-31,BULL,14.62,81.65,29.04,13,0.507
XRPUSDT,veterana,8h,2024,2024-01-01 a 2024-12-31,BULL,121.77,238.52,51.18,12,1.418
XRPUSDT,veterana,8h,2025,2025-01-01 a 2025-08-06,BULL,-26.04,43.54,61.59,9,-0.285
ZECUSDT,nova,4h,2019,2019-03-21 a 2019-12-31,BEAR,22.52,-52.92,17.28,11,0.803
ZECUSDT,nova,4h,2020,2020-01-01 a 2020-12-31,BULL,51.74,132.23,31.85,28,0.95
ZECUSDT,nova,4h,2021,2021-01-01 a 2021-12-31,BULL,142.19,129.05,51.09,16,1.453
ZECUSDT,nova,4h,2022,2022-01-01 a 2022-12-31,BEAR,-28.31,-74.54,44.91,16,-0.627
ZECUSDT,nova,4h,2023,2023-01-01 a 2023-12-31,BEAR,-41.13,-27.83,44.87,18,-1.495
ZECUSDT,nova,4h,2024,2024-01-01 a 2024-12-31,BULL,-36.9,109.03,62.99,26,-0.549
ZECUSDT,nova,4h,2025,2025-01-01 a 2025-08-06,BEAR,-10.02,-35.67,30.56,11,-0.15
